id,source_id,tag_type,tag_key,tag_value,created_by,updated_by,created_at,updated_at,deleted_at,lang_type,,,,,,,,,
7569212233238970380,7569212233054421003,2,TargetType,文本,4381977727999450,4381977727999450,2025-11-05 20:09:16,2025-11-05 20:09:16,,zh-CN,,,,,,,,,
7569212233238986764,7569212233054421003,2,Objective,内容质量,4381977727999450,4381977727999450,2025-11-05 20:09:16,2025-11-05 20:09:16,,zh-CN,,,,,,,,,
7569212233239003148,7569212233054421003,2,BusinessScenario,AIGC,4381977727999450,4381977727999450,2025-11-05 20:09:16,2025-11-05 20:09:16,,zh-CN,,,,,,,,,
7569212233239019532,7569212233054421003,2,Name,相关性,4381977727999450,4381977727999450,2025-11-05 20:09:16,2025-11-05 20:09:16,,zh-CN,,,,,,,,,
7569212233239035916,7569212233054421003,2,Category,LLM,4381977727999450,4381977727999450,2025-11-05 20:09:16,2025-11-05 20:09:16,,zh-CN,,,,,,,,,
7569212370606620684,7569212370489180172,2,Name,简洁性,4381977727999450,4381977727999450,2025-11-05 20:09:48,2025-11-05 20:09:48,,zh-CN,,,,,,,,,
7569212370606637068,7569212370489180172,2,Category,LLM,4381977727999450,4381977727999450,2025-11-05 20:09:48,2025-11-05 20:09:48,,zh-CN,,,,,,,,,
7569212370606653452,7569212370489180172,2,TargetType,文本,4381977727999450,4381977727999450,2025-11-05 20:09:48,2025-11-05 20:09:48,,zh-CN,,,,,,,,,
7569212370606669836,7569212370489180172,2,Objective,内容质量,4381977727999450,4381977727999450,2025-11-05 20:09:48,2025-11-05 20:09:48,,zh-CN,,,,,,,,,
7569212370606686220,7569212370489180172,2,BusinessScenario,AIGC,4381977727999450,4381977727999450,2025-11-05 20:09:48,2025-11-05 20:09:48,,zh-CN,,,,,,,,,
7569212376218599435,7569212376155701259,2,Category,LLM,4381977727999450,4381977727999450,2025-11-05 20:09:49,2025-11-05 20:09:49,,zh-CN,,,,,,,,,
7569212376218615819,7569212376155701259,2,TargetType,文本,4381977727999450,4381977727999450,2025-11-05 20:09:49,2025-11-05 20:09:49,,zh-CN,,,,,,,,,
7569212376218632203,7569212376155701259,2,Objective,内容质量,4381977727999450,4381977727999450,2025-11-05 20:09:49,2025-11-05 20:09:49,,zh-CN,,,,,,,,,
7569212376218648587,7569212376155701259,2,BusinessScenario,AIGC,4381977727999450,4381977727999450,2025-11-05 20:09:49,2025-11-05 20:09:49,,zh-CN,,,,,,,,,
7569212376218664971,7569212376155701259,2,Name,正确性,4381977727999450,4381977727999450,2025-11-05 20:09:49,2025-11-05 20:09:49,,zh-CN,,,,,,,,,
7569212380417097740,7569212380270297099,2,Name,幻觉现象,4381977727999450,4381977727999450,2025-11-05 20:09:50,2025-11-05 20:09:50,,zh-CN,,,,,,,,,
7569212380417114124,7569212380270297099,2,Category,LLM,4381977727999450,4381977727999450,2025-11-05 20:09:50,2025-11-05 20:09:50,,zh-CN,,,,,,,,,
7569212380417130508,7569212380270297099,2,TargetType,文本,4381977727999450,4381977727999450,2025-11-05 20:09:50,2025-11-05 20:09:50,,zh-CN,,,,,,,,,
7569212380417146892,7569212380270297099,2,Objective,内容质量,4381977727999450,4381977727999450,2025-11-05 20:09:50,2025-11-05 20:09:50,,zh-CN,,,,,,,,,
7569212380417163276,7569212380270297099,2,BusinessScenario,客服助手,4381977727999450,4381977727999450,2025-11-05 20:09:50,2025-11-05 20:09:50,,zh-CN,,,,,,,,,
7569212380417179660,7569212380270297099,2,BusinessScenario,AIGC,4381977727999450,4381977727999450,2025-11-05 20:09:50,2025-11-05 20:09:50,,zh-CN,,,,,,,,,
7569212386171682827,7569212386024882187,2,BusinessScenario,AIGC,4381977727999450,4381977727999450,2025-11-05 20:09:51,2025-11-05 20:09:51,,zh-CN,,,,,,,,,
7569212386171699211,7569212386024882187,2,Name,有害性,4381977727999450,4381977727999450,2025-11-05 20:09:51,2025-11-05 20:09:51,,zh-CN,,,,,,,,,
7569212386171715595,7569212386024882187,2,Category,LLM,4381977727999450,4381977727999450,2025-11-05 20:09:51,2025-11-05 20:09:51,,zh-CN,,,,,,,,,
7569212386171731979,7569212386024882187,2,TargetType,文本,4381977727999450,4381977727999450,2025-11-05 20:09:51,2025-11-05 20:09:51,,zh-CN,,,,,,,,,
7569212386171748363,7569212386024882187,2,Objective,内容质量,4381977727999450,4381977727999450,2025-11-05 20:09:51,2025-11-05 20:09:51,,zh-CN,,,,,,,,,
7569212388604379147,7569212388470161419,2,Name,恶意性,4381977727999450,4381977727999450,2025-11-05 20:09:52,2025-11-05 20:09:52,,zh-CN,,,,,,,,,
7569212388604395531,7569212388470161419,2,Category,LLM,4381977727999450,4381977727999450,2025-11-05 20:09:52,2025-11-05 20:09:52,,zh-CN,,,,,,,,,
7569212388604411915,7569212388470161419,2,TargetType,文本,4381977727999450,4381977727999450,2025-11-05 20:09:52,2025-11-05 20:09:52,,zh-CN,,,,,,,,,
7569212388604428299,7569212388470161419,2,Objective,内容质量,4381977727999450,4381977727999450,2025-11-05 20:09:52,2025-11-05 20:09:52,,zh-CN,,,,,,,,,
7569212388604444683,7569212388470161419,2,BusinessScenario,AIGC,4381977727999450,4381977727999450,2025-11-05 20:09:52,2025-11-05 20:09:52,,zh-CN,,,,,,,,,
7569212394551902220,7569212394476404747,2,Objective,内容质量,4381977727999450,4381977727999450,2025-11-05 20:09:53,2025-11-05 20:09:53,,zh-CN,,,,,,,,,
7569212394551918604,7569212394476404747,2,BusinessScenario,AIGC,4381977727999450,4381977727999450,2025-11-05 20:09:53,2025-11-05 20:09:53,,zh-CN,,,,,,,,,
7569212394551934988,7569212394476404747,2,Name,有益性,4381977727999450,4381977727999450,2025-11-05 20:09:53,2025-11-05 20:09:53,,zh-CN,,,,,,,,,
7569212394551951372,7569212394476404747,2,Category,LLM,4381977727999450,4381977727999450,2025-11-05 20:09:53,2025-11-05 20:09:53,,zh-CN,,,,,,,,,
7569212394551967756,7569212394476404747,2,TargetType,文本,4381977727999450,4381977727999450,2025-11-05 20:09:53,2025-11-05 20:09:53,,zh-CN,,,,,,,,,
7569212398528102412,7569212398393884684,2,Category,LLM,4381977727999450,4381977727999450,2025-11-05 20:09:54,2025-11-05 20:09:54,,zh-CN,,,,,,,,,
7569212398528118796,7569212398393884684,2,TargetType,文本,4381977727999450,4381977727999450,2025-11-05 20:09:54,2025-11-05 20:09:54,,zh-CN,,,,,,,,,
7569212398528135180,7569212398393884684,2,Objective,内容质量,4381977727999450,4381977727999450,2025-11-05 20:09:54,2025-11-05 20:09:54,,zh-CN,,,,,,,,,
7569212398528151564,7569212398393884684,2,BusinessScenario,AIGC,4381977727999450,4381977727999450,2025-11-05 20:09:54,2025-11-05 20:09:54,,zh-CN,,,,,,,,,
7569212398528167948,7569212398393884684,2,Name,争议性,4381977727999450,4381977727999450,2025-11-05 20:09:54,2025-11-05 20:09:54,,zh-CN,,,,,,,,,
7569212404513374220,7569212404374962188,2,Objective,内容质量,4381977727999450,4381977727999450,2025-11-05 20:09:56,2025-11-05 20:09:56,,zh-CN,,,,,,,,,
7569212404513390604,7569212404374962188,2,BusinessScenario,安全风控,4381977727999450,4381977727999450,2025-11-05 20:09:56,2025-11-05 20:09:56,,zh-CN,,,,,,,,,
7569212404513406988,7569212404374962188,2,BusinessScenario,AIGC,4381977727999450,4381977727999450,2025-11-05 20:09:56,2025-11-05 20:09:56,,zh-CN,,,,,,,,,
7569212404513423372,7569212404374962188,2,Name,性别歧视性,4381977727999450,4381977727999450,2025-11-05 20:09:56,2025-11-05 20:09:56,,zh-CN,,,,,,,,,
7569212404513439756,7569212404374962188,2,Category,LLM,4381977727999450,4381977727999450,2025-11-05 20:09:56,2025-11-05 20:09:56,,zh-CN,,,,,,,,,
7569212404513456140,7569212404374962188,2,TargetType,文本,4381977727999450,4381977727999450,2025-11-05 20:09:56,2025-11-05 20:09:56,,zh-CN,,,,,,,,,
7569212409575899147,7569212409437487116,2,Category,LLM,4381977727999450,4381977727999450,2025-11-05 20:09:57,2025-11-05 20:09:57,,zh-CN,,,,,,,,,
7569212409575915531,7569212409437487116,2,TargetType,文本,4381977727999450,4381977727999450,2025-11-05 20:09:57,2025-11-05 20:09:57,,zh-CN,,,,,,,,,
7569212409575931915,7569212409437487116,2,Objective,内容质量,4381977727999450,4381977727999450,2025-11-05 20:09:57,2025-11-05 20:09:57,,zh-CN,,,,,,,,,
7569212409575948299,7569212409437487116,2,BusinessScenario,安全风控,4381977727999450,4381977727999450,2025-11-05 20:09:57,2025-11-05 20:09:57,,zh-CN,,,,,,,,,
7569212409575964683,7569212409437487116,2,BusinessScenario,AIGC,4381977727999450,4381977727999450,2025-11-05 20:09:57,2025-11-05 20:09:57,,zh-CN,,,,,,,,,
7569212409575981067,7569212409437487116,2,Name,犯罪性,4381977727999450,4381977727999450,2025-11-05 20:09:57,2025-11-05 20:09:57,,zh-CN,,,,,,,,,
7569212413539516428,7569212413371744267,2,Name,不敏感性,4381977727999450,4381977727999450,2025-11-05 20:09:58,2025-11-05 20:09:58,,zh-CN,,,,,,,,,
7569212413539532812,7569212413371744267,2,Category,LLM,4381977727999450,4381977727999450,2025-11-05 20:09:58,2025-11-05 20:09:58,,zh-CN,,,,,,,,,
7569212413539549196,7569212413371744267,2,TargetType,文本,4381977727999450,4381977727999450,2025-11-05 20:09:58,2025-11-05 20:09:58,,zh-CN,,,,,,,,,
7569212413539565580,7569212413371744267,2,Objective,内容质量,4381977727999450,4381977727999450,2025-11-05 20:09:58,2025-11-05 20:09:58,,zh-CN,,,,,,,,,
7569212413539581964,7569212413371744267,2,BusinessScenario,AIGC,4381977727999450,4381977727999450,2025-11-05 20:09:58,2025-11-05 20:09:58,,zh-CN,,,,,,,,,
7569212418497183755,7569212418375548939,2,Name,深度性,4381977727999450,4381977727999450,2025-11-05 20:09:59,2025-11-05 20:09:59,,zh-CN,,,,,,,,,
7569212418497200139,7569212418375548939,2,Category,LLM,4381977727999450,4381977727999450,2025-11-05 20:09:59,2025-11-05 20:09:59,,zh-CN,,,,,,,,,
7569212418497216523,7569212418375548939,2,TargetType,文本,4381977727999450,4381977727999450,2025-11-05 20:09:59,2025-11-05 20:09:59,,zh-CN,,,,,,,,,
7569212418497232907,7569212418375548939,2,Objective,内容质量,4381977727999450,4381977727999450,2025-11-05 20:09:59,2025-11-05 20:09:59,,zh-CN,,,,,,,,,
7569212418497249291,7569212418375548939,2,BusinessScenario,AIGC,4381977727999450,4381977727999450,2025-11-05 20:09:59,2025-11-05 20:09:59,,zh-CN,,,,,,,,,
7569212422829899787,7569212422695682060,2,TargetType,文本,4381977727999450,4381977727999450,2025-11-05 20:10:00,2025-11-05 20:10:00,,zh-CN,,,,,,,,,
7569212422829916171,7569212422695682060,2,Objective,内容质量,4381977727999450,4381977727999450,2025-11-05 20:10:00,2025-11-05 20:10:00,,zh-CN,,,,,,,,,
7569212422829932555,7569212422695682060,2,BusinessScenario,AIGC,4381977727999450,4381977727999450,2025-11-05 20:10:00,2025-11-05 20:10:00,,zh-CN,,,,,,,,,
7569212422829948939,7569212422695682060,2,Name,创造性,4381977727999450,4381977727999450,2025-11-05 20:10:00,2025-11-05 20:10:00,,zh-CN,,,,,,,,,
7569212422829965323,7569212422695682060,2,Category,LLM,4381977727999450,4381977727999450,2025-11-05 20:10:00,2025-11-05 20:10:00,,zh-CN,,,,,,,,,
7569212427078729740,7569212426927734796,2,TargetType,文本,4381977727999450,4381977727999450,2025-11-05 20:10:01,2025-11-05 20:10:01,,zh-CN,,,,,,,,,
7569212427078746124,7569212426927734796,2,Objective,内容质量,4381977727999450,4381977727999450,2025-11-05 20:10:01,2025-11-05 20:10:01,,zh-CN,,,,,,,,,
7569212427078762508,7569212426927734796,2,BusinessScenario,AIGC,4381977727999450,4381977727999450,2025-11-05 20:10:01,2025-11-05 20:10:01,,zh-CN,,,,,,,,,
7569212427078778892,7569212426927734796,2,Name,细节性,4381977727999450,4381977727999450,2025-11-05 20:10:01,2025-11-05 20:10:01,,zh-CN,,,,,,,,,
7569212427078795276,7569212426927734796,2,Category,LLM,4381977727999450,4381977727999450,2025-11-05 20:10:01,2025-11-05 20:10:01,,zh-CN,,,,,,,,,
7569212431776350220,7569212431692480524,2,TargetType,文本,4381977727999450,4381977727999450,2025-11-05 20:10:02,2025-11-05 20:10:02,,zh-CN,,,,,,,,,
7569212431776366604,7569212431692480524,2,Objective,工具调用,4381977727999450,4381977727999450,2025-11-05 20:10:02,2025-11-05 20:10:02,,zh-CN,,,,,,,,,
7569212431776382988,7569212431692480524,2,BusinessScenario,Agent通用评测,4381977727999450,4381977727999450,2025-11-05 20:10:02,2025-11-05 20:10:02,,zh-CN,,,,,,,,,
7569212431776399372,7569212431692480524,2,Name,工具选择质量,4381977727999450,4381977727999450,2025-11-05 20:10:02,2025-11-05 20:10:02,,zh-CN,,,,,,,,,
7569212431776415756,7569212431692480524,2,Category,LLM,4381977727999450,4381977727999450,2025-11-05 20:10:02,2025-11-05 20:10:02,,zh-CN,,,,,,,,,
7569212435966459916,7569212435840630795,2,Category,LLM,4381977727999450,4381977727999450,2025-11-05 20:10:03,2025-11-05 20:10:03,,zh-CN,,,,,,,,,
7569212435966476300,7569212435840630795,2,TargetType,文本,4381977727999450,4381977727999450,2025-11-05 20:10:03,2025-11-05 20:10:03,,zh-CN,,,,,,,,,
7569212435966492684,7569212435840630795,2,Objective,工具调用,4381977727999450,4381977727999450,2025-11-05 20:10:03,2025-11-05 20:10:03,,zh-CN,,,,,,,,,
7569212435966509068,7569212435840630795,2,BusinessScenario,Agent通用评测,4381977727999450,4381977727999450,2025-11-05 20:10:03,2025-11-05 20:10:03,,zh-CN,,,,,,,,,
7569212435966525452,7569212435840630795,2,Name,工具参数正确性,4381977727999450,4381977727999450,2025-11-05 20:10:03,2025-11-05 20:10:03,,zh-CN,,,,,,,,,
7569212439867162635,7569212439783276556,2,BusinessScenario,Agent通用评测,4381977727999450,4381977727999450,2025-11-05 20:10:04,2025-11-05 20:10:04,,zh-CN,,,,,,,,,
7569212439867179019,7569212439783276556,2,Name,Agent 任务完成度,4381977727999450,4381977727999450,2025-11-05 20:10:04,2025-11-05 20:10:04,,zh-CN,,,,,,,,,
7569212439867195403,7569212439783276556,2,Category,LLM,4381977727999450,4381977727999450,2025-11-05 20:10:04,2025-11-05 20:10:04,,zh-CN,,,,,,,,,
7569212439867211787,7569212439783276556,2,TargetType,文本,4381977727999450,4381977727999450,2025-11-05 20:10:04,2025-11-05 20:10:04,,zh-CN,,,,,,,,,
7569212439867228171,7569212439783276556,2,Objective,任务完成,4381977727999450,4381977727999450,2025-11-05 20:10:04,2025-11-05 20:10:04,,zh-CN,,,,,,,,,
7569212443763671051,7569212443621064716,2,TargetType,文本,4381977727999450,4381977727999450,2025-11-05 20:10:05,2025-11-05 20:10:05,,zh-CN,,,,,,,,,
7569212443763687435,7569212443621064716,2,Objective,轨迹质量,4381977727999450,4381977727999450,2025-11-05 20:10:05,2025-11-05 20:10:05,,zh-CN,,,,,,,,,
7569212443763703819,7569212443621064716,2,BusinessScenario,Agent通用评测,4381977727999450,4381977727999450,2025-11-05 20:10:05,2025-11-05 20:10:05,,zh-CN,,,,,,,,,
7569212443763720203,7569212443621064716,2,Name,Agent 轨迹质量,4381977727999450,4381977727999450,2025-11-05 20:10:05,2025-11-05 20:10:05,,zh-CN,,,,,,,,,
7569212443763736587,7569212443621064716,2,Category,LLM,4381977727999450,4381977727999450,2025-11-05 20:10:05,2025-11-05 20:10:05,,zh-CN,,,,,,,,,
7569212447429492747,7569212447278497804,2,Objective,内容质量,4381977727999450,4381977727999450,2025-11-05 20:10:06,2025-11-05 20:10:06,,zh-CN,,,,,,,,,
7569212447429509131,7569212447278497804,2,BusinessScenario,客服助手,4381977727999450,4381977727999450,2025-11-05 20:10:06,2025-11-05 20:10:06,,zh-CN,,,,,,,,,
7569212447429525515,7569212447278497804,2,BusinessScenario,AIGC,4381977727999450,4381977727999450,2025-11-05 20:10:06,2025-11-05 20:10:06,,zh-CN,,,,,,,,,
7569212447429541899,7569212447278497804,2,Name,参考答案遵从度,4381977727999450,4381977727999450,2025-11-05 20:10:06,2025-11-05 20:10:06,,zh-CN,,,,,,,,,
7569212447429558283,7569212447278497804,2,Category,LLM,4381977727999450,4381977727999450,2025-11-05 20:10:06,2025-11-05 20:10:06,,zh-CN,,,,,,,,,
7569212447429574667,7569212447278497804,2,TargetType,文本,4381977727999450,4381977727999450,2025-11-05 20:10:06,2025-11-05 20:10:06,,zh-CN,,,,,,,,,
7569212450856239116,7569212450730409995,2,Category,LLM,4381977727999450,4381977727999450,2025-11-05 20:10:06,2025-11-05 20:10:06,,zh-CN,,,,,,,,,
7569212450856255500,7569212450730409995,2,TargetType,文本,4381977727999450,4381977727999450,2025-11-05 20:10:06,2025-11-05 20:10:06,,zh-CN,,,,,,,,,
7569212450856271884,7569212450730409995,2,Objective,任务完成,4381977727999450,4381977727999450,2025-11-05 20:10:06,2025-11-05 20:10:06,,zh-CN,,,,,,,,,
7569212450856288268,7569212450730409995,2,BusinessScenario,客服助手,4381977727999450,4381977727999450,2025-11-05 20:10:06,2025-11-05 20:10:06,,zh-CN,,,,,,,,,
7569212450856304652,7569212450730409995,2,BusinessScenario,AIGC,4381977727999450,4381977727999450,2025-11-05 20:10:06,2025-11-05 20:10:06,,zh-CN,,,,,,,,,
7569212450856321036,7569212450730409995,2,Name,指令遵从度,4381977727999450,4381977727999450,2025-11-05 20:10:06,2025-11-05 20:10:06,,zh-CN,,,,,,,,,
7569212456057176076,7569212455922958348,2,Name,识图理解,4381977727999450,4381977727999450,2025-11-05 20:10:08,2025-11-05 20:10:08,,zh-CN,,,,,,,,,
7569212456057192460,7569212455922958348,2,Category,LLM,4381977727999450,4381977727999450,2025-11-05 20:10:08,2025-11-05 20:10:08,,zh-CN,,,,,,,,,
7569212456057208844,7569212455922958348,2,TargetType,图片,4381977727999450,4381977727999450,2025-11-05 20:10:08,2025-11-05 20:10:08,,zh-CN,,,,,,,,,
7569212456057225228,7569212455922958348,2,Objective,内容质量,4381977727999450,4381977727999450,2025-11-05 20:10:08,2025-11-05 20:10:08,,zh-CN,,,,,,,,,
7569212456057241612,7569212455922958348,2,BusinessScenario,AIGC,4381977727999450,4381977727999450,2025-11-05 20:10:08,2025-11-05 20:10:08,,zh-CN,,,,,,,,,
7569212459735580683,7569212459655888907,2,TargetType,图片,4381977727999450,4381977727999450,2025-11-05 20:10:08,2025-11-05 20:10:08,,zh-CN,,,,,,,,,
7569212459735597067,7569212459655888907,2,Objective,内容质量,4381977727999450,4381977727999450,2025-11-05 20:10:08,2025-11-05 20:10:08,,zh-CN,,,,,,,,,
7569212459735613451,7569212459655888907,2,BusinessScenario,AIGC,4381977727999450,4381977727999450,2025-11-05 20:10:08,2025-11-05 20:10:08,,zh-CN,,,,,,,,,
7569212459735629835,7569212459655888907,2,Name,生图指令遵循,4381977727999450,4381977727999450,2025-11-05 20:10:08,2025-11-05 20:10:08,,zh-CN,,,,,,,,,
7569212459735646219,7569212459655888907,2,Category,LLM,4381977727999450,4381977727999450,2025-11-05 20:10:08,2025-11-05 20:10:08,,zh-CN,,,,,,,,,
7569213237716058123,7569213237640560652,2,Objective,内容质量,4381977727999450,4381977727999450,2025-11-05 20:13:10,2025-11-05 20:13:10,,zh-CN,,,,,,,,,
7569213237716074507,7569213237640560652,2,BusinessScenario,AIGC,4381977727999450,4381977727999450,2025-11-05 20:13:10,2025-11-05 20:13:10,,zh-CN,,,,,,,,,
7569213237716090891,7569213237640560652,2,Name,生图美学质量,4381977727999450,4381977727999450,2025-11-05 20:13:10,2025-11-05 20:13:10,,zh-CN,,,,,,,,,
7569213237716107275,7569213237640560652,2,Category,LLM,4381977727999450,4381977727999450,2025-11-05 20:13:10,2025-11-05 20:13:10,,zh-CN,,,,,,,,,
7569213237716123659,7569213237640560652,2,TargetType,图片,4381977727999450,4381977727999450,2025-11-05 20:13:10,2025-11-05 20:13:10,,zh-CN,,,,,,,,,
7569213243797798924,7569213243655208971,2,Category,LLM,4381977727999450,4381977727999450,2025-11-05 20:13:11,2025-11-05 20:13:11,,zh-CN,,,,,,,,,
7569213243797815308,7569213243655208971,2,TargetType,图片,4381977727999450,4381977727999450,2025-11-05 20:13:11,2025-11-05 20:13:11,,zh-CN,,,,,,,,,
7569213243797831692,7569213243655208971,2,Objective,内容质量,4381977727999450,4381977727999450,2025-11-05 20:13:11,2025-11-05 20:13:11,,zh-CN,,,,,,,,,
7569213243797848076,7569213243655208971,2,BusinessScenario,AIGC,4381977727999450,4381977727999450,2025-11-05 20:13:11,2025-11-05 20:13:11,,zh-CN,,,,,,,,,
7569213243797864460,7569213243655208971,2,Name,生图风格一致性,4381977727999450,4381977727999450,2025-11-05 20:13:11,2025-11-05 20:13:11,,zh-CN,,,,,,,,,
7569213249720156171,7569213249611104267,2,Category,LLM,4381977727999450,4381977727999450,2025-11-05 20:13:12,2025-11-05 20:13:12,,zh-CN,,,,,,,,,
7569213249720172555,7569213249611104267,2,TargetType,图片,4381977727999450,4381977727999450,2025-11-05 20:13:12,2025-11-05 20:13:12,,zh-CN,,,,,,,,,
7569213249720188939,7569213249611104267,2,Objective,内容质量,4381977727999450,4381977727999450,2025-11-05 20:13:12,2025-11-05 20:13:12,,zh-CN,,,,,,,,,
7569213249720205323,7569213249611104267,2,BusinessScenario,AIGC,4381977727999450,4381977727999450,2025-11-05 20:13:12,2025-11-05 20:13:12,,zh-CN,,,,,,,,,
7569213249720221707,7569213249611104267,2,Name,生图成像质量,4381977727999450,4381977727999450,2025-11-05 20:13:12,2025-11-05 20:13:12,,zh-CN,,,,,,,,,
7569213253767675916,7569213253612519435,2,Category,LLM,4381977727999450,4381977727999450,2025-11-05 20:13:13,2025-11-05 20:13:13,,zh-CN,,,,,,,,,
7569213253767692300,7569213253612519435,2,TargetType,图片,4381977727999450,4381977727999450,2025-11-05 20:13:13,2025-11-05 20:13:13,,zh-CN,,,,,,,,,
7569213253767708684,7569213253612519435,2,Objective,内容质量,4381977727999450,4381977727999450,2025-11-05 20:13:13,2025-11-05 20:13:13,,zh-CN,,,,,,,,,
7569213253767725068,7569213253612519435,2,BusinessScenario,AIGC,4381977727999450,4381977727999450,2025-11-05 20:13:13,2025-11-05 20:13:13,,zh-CN,,,,,,,,,
7569213253767741452,7569213253612519435,2,Name,生图文字正确性,4381977727999450,4381977727999450,2025-11-05 20:13:13,2025-11-05 20:13:13,,zh-CN,,,,,,,,,
7569214767080931340,7569214766929936396,2,Name,ComputerUseAgent任务成功,4381977727999450,4381977727999450,2025-11-05 20:19:06,2025-11-05 20:19:06,,zh-CN,,,,,,,,,
7569214767080947724,7569214766929936396,2,Category,LLM,4381977727999450,4381977727999450,2025-11-05 20:19:06,2025-11-05 20:19:06,,zh-CN,,,,,,,,,
7569214767080964108,7569214766929936396,2,TargetType,Agent,4381977727999450,4381977727999450,2025-11-05 20:19:06,2025-11-05 20:19:06,,zh-CN,,,,,,,,,
7569214767080980492,7569214766929936396,2,Objective,任务完成,4381977727999450,4381977727999450,2025-11-05 20:19:06,2025-11-05 20:19:06,,zh-CN,,,,,,,,,
7569214767080996876,7569214766929936396,2,BusinessScenario,Agent通用评测,4381977727999450,4381977727999450,2025-11-05 20:19:06,2025-11-05 20:19:06,,zh-CN,,,,,,,,,
7569214772894236683,7569214772755824652,2,Name,ComputerUseAgent工具选择质量,4381977727999450,4381977727999450,2025-11-05 20:19:07,2025-11-05 20:19:07,,zh-CN,,,,,,,,,
7569214772894253067,7569214772755824652,2,Category,LLM,4381977727999450,4381977727999450,2025-11-05 20:19:07,2025-11-05 20:19:07,,zh-CN,,,,,,,,,
7569214772894269451,7569214772755824652,2,TargetType,Agent,4381977727999450,4381977727999450,2025-11-05 20:19:07,2025-11-05 20:19:07,,zh-CN,,,,,,,,,
7569214772894285835,7569214772755824652,2,Objective,工具调用,4381977727999450,4381977727999450,2025-11-05 20:19:07,2025-11-05 20:19:07,,zh-CN,,,,,,,,,
7569214772894302219,7569214772755824652,2,BusinessScenario,Agent通用评测,4381977727999450,4381977727999450,2025-11-05 20:19:07,2025-11-05 20:19:07,,zh-CN,,,,,,,,,
7569214777432473612,7569214777306644491,2,Category,LLM,4381977727999450,4381977727999450,2025-11-05 20:19:08,2025-11-05 20:19:08,,zh-CN,,,,,,,,,
7569214777432489996,7569214777306644491,2,TargetType,Agent,4381977727999450,4381977727999450,2025-11-05 20:19:08,2025-11-05 20:19:08,,zh-CN,,,,,,,,,
7569214777432506380,7569214777306644491,2,Objective,工具调用,4381977727999450,4381977727999450,2025-11-05 20:19:08,2025-11-05 20:19:08,,zh-CN,,,,,,,,,
7569214777432522764,7569214777306644491,2,BusinessScenario,Agent通用评测,4381977727999450,4381977727999450,2025-11-05 20:19:08,2025-11-05 20:19:08,,zh-CN,,,,,,,,,
7569214777432539148,7569214777306644491,2,Name,ComputerUseAgent工具参数,4381977727999450,4381977727999450,2025-11-05 20:19:08,2025-11-05 20:19:08,,zh-CN,,,,,,,,,
7569214781396090892,7569214781257695244,2,Category,LLM,4381977727999450,4381977727999450,2025-11-05 20:19:09,2025-11-05 20:19:09,,zh-CN,,,,,,,,,
7569214781396107276,7569214781257695244,2,TargetType,Agent,4381977727999450,4381977727999450,2025-11-05 20:19:09,2025-11-05 20:19:09,,zh-CN,,,,,,,,,
7569214781396123660,7569214781257695244,2,Objective,轨迹质量,4381977727999450,4381977727999450,2025-11-05 20:19:09,2025-11-05 20:19:09,,zh-CN,,,,,,,,,
7569214781396140044,7569214781257695244,2,BusinessScenario,Agent通用评测,4381977727999450,4381977727999450,2025-11-05 20:19:09,2025-11-05 20:19:09,,zh-CN,,,,,,,,,
7569214781396156428,7569214781257695244,2,Name,ComputerUseAgent轨迹质量,4381977727999450,4381977727999450,2025-11-05 20:19:09,2025-11-05 20:19:09,,zh-CN,,,,,,,,,
7569214785980465164,7569214785858830348,2,TargetType,文本,4381977727999450,4381977727999450,2025-11-05 20:19:10,2025-11-05 20:19:10,,zh-CN,,,,,,,,,
7569214785980481548,7569214785858830348,2,Objective,内容质量,4381977727999450,4381977727999450,2025-11-05 20:19:10,2025-11-05 20:19:10,,zh-CN,,,,,,,,,
7569214785980497932,7569214785858830348,2,Name,文本等值判断,4381977727999450,4381977727999450,2025-11-05 20:19:10,2025-11-05 20:19:10,,zh-CN,,,,,,,,,
7569214785980514316,7569214785858830348,2,Category,Code,4381977727999450,4381977727999450,2025-11-05 20:19:10,2025-11-05 20:19:10,,zh-CN,,,,,,,,,
7569214790367707147,7569214790254460940,2,Category,Code,4381977727999450,4381977727999450,2025-11-05 20:19:11,2025-11-05 20:19:11,,zh-CN,,,,,,,,,
7569214790367723531,7569214790254460940,2,TargetType,文本,4381977727999450,4381977727999450,2025-11-05 20:19:11,2025-11-05 20:19:11,,zh-CN,,,,,,,,,
7569214790367739915,7569214790254460940,2,Objective,内容质量,4381977727999450,4381977727999450,2025-11-05 20:19:11,2025-11-05 20:19:11,,zh-CN,,,,,,,,,
7569214790367756299,7569214790254460940,2,Name,文本包含判断,4381977727999450,4381977727999450,2025-11-05 20:19:11,2025-11-05 20:19:11,,zh-CN,,,,,,,,,
7569214795094687755,7569214795019190284,2,Name,文本正则匹配,4381977727999450,4381977727999450,2025-11-05 20:19:12,2025-11-05 20:19:12,,zh-CN,,,,,,,,,
7569214795094704139,7569214795019190284,2,Category,Code,4381977727999450,4381977727999450,2025-11-05 20:19:12,2025-11-05 20:19:12,,zh-CN,,,,,,,,,
7569214795094720523,7569214795019190284,2,TargetType,文本,4381977727999450,4381977727999450,2025-11-05 20:19:12,2025-11-05 20:19:12,,zh-CN,,,,,,,,,
7569214795094736907,7569214795019190284,2,Objective,格式校验,4381977727999450,4381977727999450,2025-11-05 20:19:12,2025-11-05 20:19:12,,zh-CN,,,,,,,,,
7569214799905554444,7569214799779725323,2,Name,文本起始子串判断,4381977727999450,4381977727999450,2025-11-05 20:19:13,2025-11-05 20:19:13,,zh-CN,,,,,,,,,
7569214799905570828,7569214799779725323,2,Category,Code,4381977727999450,4381977727999450,2025-11-05 20:19:13,2025-11-05 20:19:13,,zh-CN,,,,,,,,,
7569214799905587212,7569214799779725323,2,TargetType,文本,4381977727999450,4381977727999450,2025-11-05 20:19:13,2025-11-05 20:19:13,,zh-CN,,,,,,,,,
7569214799905603596,7569214799779725323,2,Objective,格式校验,4381977727999450,4381977727999450,2025-11-05 20:19:13,2025-11-05 20:19:13,,zh-CN,,,,,,,,,
7569214804380876812,7569214804250853387,2,Category,Code,4381977727999450,4381977727999450,2025-11-05 20:19:14,2025-11-05 20:19:14,,zh-CN,,,,,,,,,
7569214804380893196,7569214804250853387,2,TargetType,文本,4381977727999450,4381977727999450,2025-11-05 20:19:14,2025-11-05 20:19:14,,zh-CN,,,,,,,,,
7569214804380909580,7569214804250853387,2,Objective,格式校验,4381977727999450,4381977727999450,2025-11-05 20:19:14,2025-11-05 20:19:14,,zh-CN,,,,,,,,,
7569214804380925964,7569214804250853387,2,Name,JSON格式校验,4381977727999450,4381977727999450,2025-11-05 20:19:14,2025-11-05 20:19:14,,zh-CN,,,,,,,,,
7569219968605093899,7569219967724290059,1,Category,LLM,4381977727999450,4381977727999450,2025-11-05 20:39:17,2025-11-05 20:39:17,,zh-CN,,,,,,,,,
7569219968605110283,7569219967724290059,1,Name,相关性,4381977727999450,4381977727999450,2025-11-05 20:39:17,2025-11-05 20:39:17,,zh-CN,,,,,,,,,
7569219968605126667,7569219967724290059,1,Objective,内容质量,4381977727999450,4381977727999450,2025-11-05 20:39:17,2025-11-05 20:39:17,,zh-CN,,,,,,,,,
7569219968605143051,7569219967724290059,1,TargetType,文本,4381977727999450,4381977727999450,2025-11-05 20:39:17,2025-11-05 20:39:17,,zh-CN,,,,,,,,,
7569219968605159435,7569219967724290059,1,BusinessScenario,AIGC,4381977727999450,4381977727999450,2025-11-05 20:39:17,2025-11-05 20:39:17,,zh-CN,,,,,,,,,
7569219980906987531,7569219980034572300,1,Objective,内容质量,4381977727999450,4381977727999450,2025-11-05 20:39:20,2025-11-05 20:39:20,,zh-CN,,,,,,,,,
7569219980907003915,7569219980034572300,1,TargetType,文本,4381977727999450,4381977727999450,2025-11-05 20:39:20,2025-11-05 20:39:20,,zh-CN,,,,,,,,,
7569219980907020299,7569219980034572300,1,BusinessScenario,AIGC,4381977727999450,4381977727999450,2025-11-05 20:39:20,2025-11-05 20:39:20,,zh-CN,,,,,,,,,
7569219980907036683,7569219980034572300,1,Category,LLM,4381977727999450,4381977727999450,2025-11-05 20:39:20,2025-11-05 20:39:20,,zh-CN,,,,,,,,,
7569219980907053067,7569219980034572300,1,Name,简洁性,4381977727999450,4381977727999450,2025-11-05 20:39:20,2025-11-05 20:39:20,,zh-CN,,,,,,,,,
7569219990478389260,7569219985940152332,1,Objective,内容质量,4381977727999450,4381977727999450,2025-11-05 20:39:22,2025-11-05 20:39:22,,zh-CN,,,,,,,,,
7569219990478405644,7569219985940152332,1,TargetType,文本,4381977727999450,4381977727999450,2025-11-05 20:39:22,2025-11-05 20:39:22,,zh-CN,,,,,,,,,
7569219990478422028,7569219985940152332,1,BusinessScenario,AIGC,4381977727999450,4381977727999450,2025-11-05 20:39:22,2025-11-05 20:39:22,,zh-CN,,,,,,,,,
7569219990478438412,7569219985940152332,1,Category,LLM,4381977727999450,4381977727999450,2025-11-05 20:39:22,2025-11-05 20:39:22,,zh-CN,,,,,,,,,
7569219990478454796,7569219985940152332,1,Name,正确性,4381977727999450,4381977727999450,2025-11-05 20:39:22,2025-11-05 20:39:22,,zh-CN,,,,,,,,,
7569219994735607820,7569219993162792971,1,Name,幻觉现象,4381977727999450,4381977727999450,2025-11-05 20:39:23,2025-11-05 20:39:23,,zh-CN,,,,,,,,,
7569219994735624204,7569219993162792971,1,Objective,内容质量,4381977727999450,4381977727999450,2025-11-05 20:39:23,2025-11-05 20:39:23,,zh-CN,,,,,,,,,
7569219994735640588,7569219993162792971,1,TargetType,文本,4381977727999450,4381977727999450,2025-11-05 20:39:23,2025-11-05 20:39:23,,zh-CN,,,,,,,,,
7569219994735656972,7569219993162792971,1,BusinessScenario,客服助手,4381977727999450,4381977727999450,2025-11-05 20:39:23,2025-11-05 20:39:23,,zh-CN,,,,,,,,,
7569219994735673356,7569219993162792971,1,BusinessScenario,AIGC,4381977727999450,4381977727999450,2025-11-05 20:39:23,2025-11-05 20:39:23,,zh-CN,,,,,,,,,
7569219994735689740,7569219993162792971,1,Category,LLM,4381977727999450,4381977727999450,2025-11-05 20:39:23,2025-11-05 20:39:23,,zh-CN,,,,,,,,,
7569220208842244108,7569220206568931339,1,BusinessScenario,AIGC,4381977727999450,4381977727999450,2025-11-05 20:40:13,2025-11-05 20:40:13,,zh-CN,,,,,,,,,
7569220208842260492,7569220206568931339,1,Category,LLM,4381977727999450,4381977727999450,2025-11-05 20:40:13,2025-11-05 20:40:13,,zh-CN,,,,,,,,,
7569220208842276876,7569220206568931339,1,Name,有害性,4381977727999450,4381977727999450,2025-11-05 20:40:13,2025-11-05 20:40:13,,zh-CN,,,,,,,,,
7569220208842293260,7569220206568931339,1,Objective,内容质量,4381977727999450,4381977727999450,2025-11-05 20:40:13,2025-11-05 20:40:13,,zh-CN,,,,,,,,,
7569220208842309644,7569220206568931339,1,TargetType,文本,4381977727999450,4381977727999450,2025-11-05 20:40:13,2025-11-05 20:40:13,,zh-CN,,,,,,,,,
7569220212440973324,7569220210389942284,1,BusinessScenario,AIGC,4381977727999450,4381977727999450,2025-11-05 20:40:14,2025-11-05 20:40:14,,zh-CN,,,,,,,,,
7569220212440989708,7569220210389942284,1,Category,LLM,4381977727999450,4381977727999450,2025-11-05 20:40:14,2025-11-05 20:40:14,,zh-CN,,,,,,,,,
7569220212441006092,7569220210389942284,1,Name,恶意性,4381977727999450,4381977727999450,2025-11-05 20:40:14,2025-11-05 20:40:14,,zh-CN,,,,,,,,,
7569220212441022476,7569220210389942284,1,Objective,内容质量,4381977727999450,4381977727999450,2025-11-05 20:40:14,2025-11-05 20:40:14,,zh-CN,,,,,,,,,
7569220212441038860,7569220210389942284,1,TargetType,文本,4381977727999450,4381977727999450,2025-11-05 20:40:14,2025-11-05 20:40:14,,zh-CN,,,,,,,,,
7569220217050513419,7569220216043880459,1,Name,有益性,4381977727999450,4381977727999450,2025-11-05 20:40:15,2025-11-05 20:40:15,,zh-CN,,,,,,,,,
7569220217050529803,7569220216043880459,1,Objective,内容质量,4381977727999450,4381977727999450,2025-11-05 20:40:15,2025-11-05 20:40:15,,zh-CN,,,,,,,,,
7569220217050546187,7569220216043880459,1,TargetType,文本,4381977727999450,4381977727999450,2025-11-05 20:40:15,2025-11-05 20:40:15,,zh-CN,,,,,,,,,
7569220217050562571,7569220216043880459,1,BusinessScenario,AIGC,4381977727999450,4381977727999450,2025-11-05 20:40:15,2025-11-05 20:40:15,,zh-CN,,,,,,,,,
7569220217050578955,7569220216043880459,1,Category,LLM,4381977727999450,4381977727999450,2025-11-05 20:40:15,2025-11-05 20:40:15,,zh-CN,,,,,,,,,
7569220223308398603,7569220222213685260,1,TargetType,文本,4381977727999450,4381977727999450,2025-11-05 20:40:16,2025-11-05 20:40:16,,zh-CN,,,,,,,,,
7569220223308414987,7569220222213685260,1,BusinessScenario,AIGC,4381977727999450,4381977727999450,2025-11-05 20:40:16,2025-11-05 20:40:16,,zh-CN,,,,,,,,,
7569220223308431371,7569220222213685260,1,Category,LLM,4381977727999450,4381977727999450,2025-11-05 20:40:16,2025-11-05 20:40:16,,zh-CN,,,,,,,,,
7569220223308447755,7569220222213685260,1,Name,争议性,4381977727999450,4381977727999450,2025-11-05 20:40:16,2025-11-05 20:40:16,,zh-CN,,,,,,,,,
7569220223308464139,7569220222213685260,1,Objective,内容质量,4381977727999450,4381977727999450,2025-11-05 20:40:16,2025-11-05 20:40:16,,zh-CN,,,,,,,,,
7569220228417060876,7569220227406233612,1,Objective,内容质量,4381977727999450,4381977727999450,2025-11-05 20:40:17,2025-11-05 20:40:17,,zh-CN,,,,,,,,,
7569220228417077260,7569220227406233612,1,TargetType,文本,4381977727999450,4381977727999450,2025-11-05 20:40:17,2025-11-05 20:40:17,,zh-CN,,,,,,,,,
7569220228417093644,7569220227406233612,1,BusinessScenario,安全风控,4381977727999450,4381977727999450,2025-11-05 20:40:17,2025-11-05 20:40:17,,zh-CN,,,,,,,,,
7569220228417110028,7569220227406233612,1,BusinessScenario,AIGC,4381977727999450,4381977727999450,2025-11-05 20:40:17,2025-11-05 20:40:17,,zh-CN,,,,,,,,,
7569220228417126412,7569220227406233612,1,Category,LLM,4381977727999450,4381977727999450,2025-11-05 20:40:17,2025-11-05 20:40:17,,zh-CN,,,,,,,,,
7569220228417142796,7569220227406233612,1,Name,性别歧视性,4381977727999450,4381977727999450,2025-11-05 20:40:17,2025-11-05 20:40:17,,zh-CN,,,,,,,,,
7569220234989535244,7569220233093709836,1,Category,LLM,4381977727999450,4381977727999450,2025-11-05 20:40:19,2025-11-05 20:40:19,,zh-CN,,,,,,,,,
7569220234989551628,7569220233093709836,1,Name,犯罪性,4381977727999450,4381977727999450,2025-11-05 20:40:19,2025-11-05 20:40:19,,zh-CN,,,,,,,,,
7569220234989568012,7569220233093709836,1,Objective,内容质量,4381977727999450,4381977727999450,2025-11-05 20:40:19,2025-11-05 20:40:19,,zh-CN,,,,,,,,,
7569220234989584396,7569220233093709836,1,TargetType,文本,4381977727999450,4381977727999450,2025-11-05 20:40:19,2025-11-05 20:40:19,,zh-CN,,,,,,,,,
7569220234989600780,7569220233093709836,1,BusinessScenario,AIGC,4381977727999450,4381977727999450,2025-11-05 20:40:19,2025-11-05 20:40:19,,zh-CN,,,,,,,,,
7569220234989617164,7569220233093709836,1,BusinessScenario,安全风控,4381977727999450,4381977727999450,2025-11-05 20:40:19,2025-11-05 20:40:19,,zh-CN,,,,,,,,,
7569220240463101964,7569220239624241163,1,TargetType,文本,4381977727999450,4381977727999450,2025-11-05 20:40:20,2025-11-05 20:40:20,,zh-CN,,,,,,,,,
7569220240463118348,7569220239624241163,1,BusinessScenario,AIGC,4381977727999450,4381977727999450,2025-11-05 20:40:20,2025-11-05 20:40:20,,zh-CN,,,,,,,,,
7569220240463134732,7569220239624241163,1,Category,LLM,4381977727999450,4381977727999450,2025-11-05 20:40:20,2025-11-05 20:40:20,,zh-CN,,,,,,,,,
7569220240463151116,7569220239624241163,1,Name,不敏感性,4381977727999450,4381977727999450,2025-11-05 20:40:20,2025-11-05 20:40:20,,zh-CN,,,,,,,,,
7569220240463167500,7569220239624241163,1,Objective,内容质量,4381977727999450,4381977727999450,2025-11-05 20:40:20,2025-11-05 20:40:20,,zh-CN,,,,,,,,,
7569220247245291532,7569220246221881355,1,Name,深度性,4381977727999450,4381977727999450,2025-11-05 20:40:22,2025-11-05 20:40:22,,zh-CN,,,,,,,,,
7569220247245307916,7569220246221881355,1,Objective,内容质量,4381977727999450,4381977727999450,2025-11-05 20:40:22,2025-11-05 20:40:22,,zh-CN,,,,,,,,,
7569220247245324300,7569220246221881355,1,TargetType,文本,4381977727999450,4381977727999450,2025-11-05 20:40:22,2025-11-05 20:40:22,,zh-CN,,,,,,,,,
7569220247245340684,7569220246221881355,1,BusinessScenario,AIGC,4381977727999450,4381977727999450,2025-11-05 20:40:22,2025-11-05 20:40:22,,zh-CN,,,,,,,,,
7569220247245357068,7569220246221881355,1,Category,LLM,4381977727999450,4381977727999450,2025-11-05 20:40:22,2025-11-05 20:40:22,,zh-CN,,,,,,,,,
7569220252769222668,7569220251540258827,1,Category,LLM,4381977727999450,4381977727999450,2025-11-05 20:40:23,2025-11-05 20:40:23,,zh-CN,,,,,,,,,
7569220252769239052,7569220251540258827,1,Name,创造性,4381977727999450,4381977727999450,2025-11-05 20:40:23,2025-11-05 20:40:23,,zh-CN,,,,,,,,,
7569220252769255436,7569220251540258827,1,Objective,内容质量,4381977727999450,4381977727999450,2025-11-05 20:40:23,2025-11-05 20:40:23,,zh-CN,,,,,,,,,
7569220252769271820,7569220251540258827,1,TargetType,文本,4381977727999450,4381977727999450,2025-11-05 20:40:23,2025-11-05 20:40:23,,zh-CN,,,,,,,,,
7569220252769288204,7569220251540258827,1,BusinessScenario,AIGC,4381977727999450,4381977727999450,2025-11-05 20:40:23,2025-11-05 20:40:23,,zh-CN,,,,,,,,,
7569220257974321163,7569220257118683148,1,Name,细节性,4381977727999450,4381977727999450,2025-11-05 20:40:24,2025-11-05 20:40:24,,zh-CN,,,,,,,,,
7569220257974337547,7569220257118683148,1,Objective,内容质量,4381977727999450,4381977727999450,2025-11-05 20:40:24,2025-11-05 20:40:24,,zh-CN,,,,,,,,,
7569220257974353931,7569220257118683148,1,TargetType,文本,4381977727999450,4381977727999450,2025-11-05 20:40:24,2025-11-05 20:40:24,,zh-CN,,,,,,,,,
7569220257974370315,7569220257118683148,1,BusinessScenario,AIGC,4381977727999450,4381977727999450,2025-11-05 20:40:24,2025-11-05 20:40:24,,zh-CN,,,,,,,,,
7569220257974386699,7569220257118683148,1,Category,LLM,4381977727999450,4381977727999450,2025-11-05 20:40:24,2025-11-05 20:40:24,,zh-CN,,,,,,,,,
7569220263364001803,7569220262160236555,1,Objective,工具调用,4381977727999450,4381977727999450,2025-11-05 20:40:25,2025-11-05 20:40:25,,zh-CN,,,,,,,,,
7569220263364018187,7569220262160236555,1,TargetType,文本,4381977727999450,4381977727999450,2025-11-05 20:40:25,2025-11-05 20:40:25,,zh-CN,,,,,,,,,
7569220263364034571,7569220262160236555,1,BusinessScenario,Agent通用评测,4381977727999450,4381977727999450,2025-11-05 20:40:25,2025-11-05 20:40:25,,zh-CN,,,,,,,,,
7569220263364050955,7569220262160236555,1,Category,LLM,4381977727999450,4381977727999450,2025-11-05 20:40:25,2025-11-05 20:40:25,,zh-CN,,,,,,,,,
7569220263364067339,7569220262160236555,1,Name,工具选择质量,4381977727999450,4381977727999450,2025-11-05 20:40:25,2025-11-05 20:40:25,,zh-CN,,,,,,,,,
7569220267910627340,7569220266891411467,1,Category,LLM,4381977727999450,4381977727999450,2025-11-05 20:40:26,2025-11-05 20:40:26,,zh-CN,,,,,,,,,
7569220267910643724,7569220266891411467,1,Name,工具参数正确性,4381977727999450,4381977727999450,2025-11-05 20:40:26,2025-11-05 20:40:26,,zh-CN,,,,,,,,,
7569220267910660108,7569220266891411467,1,Objective,工具调用,4381977727999450,4381977727999450,2025-11-05 20:40:26,2025-11-05 20:40:26,,zh-CN,,,,,,,,,
7569220267910676492,7569220266891411467,1,TargetType,文本,4381977727999450,4381977727999450,2025-11-05 20:40:26,2025-11-05 20:40:26,,zh-CN,,,,,,,,,
7569220267910692876,7569220266891411467,1,BusinessScenario,Agent通用评测,4381977727999450,4381977727999450,2025-11-05 20:40:26,2025-11-05 20:40:26,,zh-CN,,,,,,,,,
7569220272364978187,7569220271610003468,1,Category,LLM,4381977727999450,4381977727999450,2025-11-05 20:40:28,2025-11-05 20:40:28,,zh-CN,,,,,,,,,
7569220272364994571,7569220271610003468,1,Name,Agent 任务完成度,4381977727999450,4381977727999450,2025-11-05 20:40:28,2025-11-05 20:40:28,,zh-CN,,,,,,,,,
7569220272365010955,7569220271610003468,1,Objective,任务完成,4381977727999450,4381977727999450,2025-11-05 20:40:28,2025-11-05 20:40:28,,zh-CN,,,,,,,,,
7569220272365027339,7569220271610003468,1,TargetType,文本,4381977727999450,4381977727999450,2025-11-05 20:40:28,2025-11-05 20:40:28,,zh-CN,,,,,,,,,
7569220272365043723,7569220271610003468,1,BusinessScenario,Agent通用评测,4381977727999450,4381977727999450,2025-11-05 20:40:28,2025-11-05 20:40:28,,zh-CN,,,,,,,,,
7569220277146484748,7569220276202766347,1,TargetType,文本,4381977727999450,4381977727999450,2025-11-05 20:40:29,2025-11-05 20:40:29,,zh-CN,,,,,,,,,
7569220277146501132,7569220276202766347,1,BusinessScenario,Agent通用评测,4381977727999450,4381977727999450,2025-11-05 20:40:29,2025-11-05 20:40:29,,zh-CN,,,,,,,,,
7569220277146517516,7569220276202766347,1,Category,LLM,4381977727999450,4381977727999450,2025-11-05 20:40:29,2025-11-05 20:40:29,,zh-CN,,,,,,,,,
7569220277146533900,7569220276202766347,1,Name,Agent 轨迹质量,4381977727999450,4381977727999450,2025-11-05 20:40:29,2025-11-05 20:40:29,,zh-CN,,,,,,,,,
7569220277146550284,7569220276202766347,1,Objective,轨迹质量,4381977727999450,4381977727999450,2025-11-05 20:40:29,2025-11-05 20:40:29,,zh-CN,,,,,,,,,
7569220282439696396,7569220281537921035,1,BusinessScenario,客服助手,4381977727999450,4381977727999450,2025-11-05 20:40:30,2025-11-05 20:40:30,,zh-CN,,,,,,,,,
7569220282439712780,7569220281537921035,1,BusinessScenario,AIGC,4381977727999450,4381977727999450,2025-11-05 20:40:30,2025-11-05 20:40:30,,zh-CN,,,,,,,,,
7569220282439729164,7569220281537921035,1,Category,LLM,4381977727999450,4381977727999450,2025-11-05 20:40:30,2025-11-05 20:40:30,,zh-CN,,,,,,,,,
7569220282439745548,7569220281537921035,1,Name,参考答案遵从度,4381977727999450,4381977727999450,2025-11-05 20:40:30,2025-11-05 20:40:30,,zh-CN,,,,,,,,,
7569220282439761932,7569220281537921035,1,Objective,内容质量,4381977727999450,4381977727999450,2025-11-05 20:40:30,2025-11-05 20:40:30,,zh-CN,,,,,,,,,
7569220282439778316,7569220281537921035,1,TargetType,文本,4381977727999450,4381977727999450,2025-11-05 20:40:30,2025-11-05 20:40:30,,zh-CN,,,,,,,,,
7569220289406435339,7569220287959400459,1,Category,LLM,4381977727999450,4381977727999450,2025-11-05 20:40:31,2025-11-05 20:40:31,,zh-CN,,,,,,,,,
7569220289406451723,7569220287959400459,1,Name,指令遵从度,4381977727999450,4381977727999450,2025-11-05 20:40:31,2025-11-05 20:40:31,,zh-CN,,,,,,,,,
7569220289406468107,7569220287959400459,1,Objective,任务完成,4381977727999450,4381977727999450,2025-11-05 20:40:31,2025-11-05 20:40:31,,zh-CN,,,,,,,,,
7569220289406484491,7569220287959400459,1,TargetType,文本,4381977727999450,4381977727999450,2025-11-05 20:40:31,2025-11-05 20:40:31,,zh-CN,,,,,,,,,
7569220289406500875,7569220287959400459,1,BusinessScenario,客服助手,4381977727999450,4381977727999450,2025-11-05 20:40:31,2025-11-05 20:40:31,,zh-CN,,,,,,,,,
7569220289406517259,7569220287959400459,1,BusinessScenario,AIGC,4381977727999450,4381977727999450,2025-11-05 20:40:31,2025-11-05 20:40:31,,zh-CN,,,,,,,,,
7569220295211352075,7569220294368296971,1,Objective,内容质量,4381977727999450,4381977727999450,2025-11-05 20:40:33,2025-11-05 20:40:33,,zh-CN,,,,,,,,,
7569220295211368459,7569220294368296971,1,TargetType,图片,4381977727999450,4381977727999450,2025-11-05 20:40:33,2025-11-05 20:40:33,,zh-CN,,,,,,,,,
7569220295211384843,7569220294368296971,1,BusinessScenario,AIGC,4381977727999450,4381977727999450,2025-11-05 20:40:33,2025-11-05 20:40:33,,zh-CN,,,,,,,,,
7569220295211401227,7569220294368296971,1,Category,LLM,4381977727999450,4381977727999450,2025-11-05 20:40:33,2025-11-05 20:40:33,,zh-CN,,,,,,,,,
7569220295211417611,7569220294368296971,1,Name,识图理解,4381977727999450,4381977727999450,2025-11-05 20:40:33,2025-11-05 20:40:33,,zh-CN,,,,,,,,,
7569220300353585164,7569220299376312332,1,Category,LLM,4381977727999450,4381977727999450,2025-11-05 20:40:34,2025-11-05 20:40:34,,zh-CN,,,,,,,,,
7569220300353601548,7569220299376312332,1,Name,生图指令遵循,4381977727999450,4381977727999450,2025-11-05 20:40:34,2025-11-05 20:40:34,,zh-CN,,,,,,,,,
7569220300353617932,7569220299376312332,1,Objective,内容质量,4381977727999450,4381977727999450,2025-11-05 20:40:34,2025-11-05 20:40:34,,zh-CN,,,,,,,,,
7569220300353634316,7569220299376312332,1,TargetType,图片,4381977727999450,4381977727999450,2025-11-05 20:40:34,2025-11-05 20:40:34,,zh-CN,,,,,,,,,
7569220300353650700,7569220299376312332,1,BusinessScenario,AIGC,4381977727999450,4381977727999450,2025-11-05 20:40:34,2025-11-05 20:40:34,,zh-CN,,,,,,,,,
7569220305885855755,7569220304761782283,1,BusinessScenario,AIGC,4381977727999450,4381977727999450,2025-11-05 20:40:35,2025-11-05 20:40:35,,zh-CN,,,,,,,,,
7569220305885872139,7569220304761782283,1,Category,LLM,4381977727999450,4381977727999450,2025-11-05 20:40:35,2025-11-05 20:40:35,,zh-CN,,,,,,,,,
7569220305885888523,7569220304761782283,1,Name,生图美学质量,4381977727999450,4381977727999450,2025-11-05 20:40:35,2025-11-05 20:40:35,,zh-CN,,,,,,,,,
7569220305885904907,7569220304761782283,1,Objective,内容质量,4381977727999450,4381977727999450,2025-11-05 20:40:35,2025-11-05 20:40:35,,zh-CN,,,,,,,,,
7569220305885921291,7569220304761782283,1,TargetType,图片,4381977727999450,4381977727999450,2025-11-05 20:40:35,2025-11-05 20:40:35,,zh-CN,,,,,,,,,
7569220312949063691,7569220310260514828,1,BusinessScenario,AIGC,4381977727999450,4381977727999450,2025-11-05 20:40:37,2025-11-05 20:40:37,,zh-CN,,,,,,,,,
7569220312949080075,7569220310260514828,1,Category,LLM,4381977727999450,4381977727999450,2025-11-05 20:40:37,2025-11-05 20:40:37,,zh-CN,,,,,,,,,
7569220312949096459,7569220310260514828,1,Name,生图风格一致性,4381977727999450,4381977727999450,2025-11-05 20:40:37,2025-11-05 20:40:37,,zh-CN,,,,,,,,,
7569220312949112843,7569220310260514828,1,Objective,内容质量,4381977727999450,4381977727999450,2025-11-05 20:40:37,2025-11-05 20:40:37,,zh-CN,,,,,,,,,
7569220312949129227,7569220310260514828,1,TargetType,图片,4381977727999450,4381977727999450,2025-11-05 20:40:37,2025-11-05 20:40:37,,zh-CN,,,,,,,,,
7569220318397464588,7569220317566992396,1,BusinessScenario,AIGC,4381977727999450,4381977727999450,2025-11-05 20:40:38,2025-11-05 20:40:38,,zh-CN,,,,,,,,,
7569220318397480972,7569220317566992396,1,Category,LLM,4381977727999450,4381977727999450,2025-11-05 20:40:38,2025-11-05 20:40:38,,zh-CN,,,,,,,,,
7569220318397497356,7569220317566992396,1,Name,生图成像质量,4381977727999450,4381977727999450,2025-11-05 20:40:38,2025-11-05 20:40:38,,zh-CN,,,,,,,,,
7569220318397513740,7569220317566992396,1,Objective,内容质量,4381977727999450,4381977727999450,2025-11-05 20:40:38,2025-11-05 20:40:38,,zh-CN,,,,,,,,,
7569220318397530124,7569220317566992396,1,TargetType,图片,4381977727999450,4381977727999450,2025-11-05 20:40:38,2025-11-05 20:40:38,,zh-CN,,,,,,,,,
7569220323350937611,7569220322021343244,1,Objective,内容质量,4381977727999450,4381977727999450,2025-11-05 20:40:39,2025-11-05 20:40:39,,zh-CN,,,,,,,,,
7569220323350953995,7569220322021343244,1,TargetType,图片,4381977727999450,4381977727999450,2025-11-05 20:40:39,2025-11-05 20:40:39,,zh-CN,,,,,,,,,
7569220323350970379,7569220322021343244,1,BusinessScenario,AIGC,4381977727999450,4381977727999450,2025-11-05 20:40:39,2025-11-05 20:40:39,,zh-CN,,,,,,,,,
7569220323350986763,7569220322021343244,1,Category,LLM,4381977727999450,4381977727999450,2025-11-05 20:40:39,2025-11-05 20:40:39,,zh-CN,,,,,,,,,
7569220323351003147,7569220322021343244,1,Name,生图文字正确性,4381977727999450,4381977727999450,2025-11-05 20:40:39,2025-11-05 20:40:39,,zh-CN,,,,,,,,,
7569220327994032140,7569220327125811211,1,TargetType,Agent,4381977727999450,4381977727999450,2025-11-05 20:40:40,2025-11-05 20:40:40,,zh-CN,,,,,,,,,
7569220327994048524,7569220327125811211,1,BusinessScenario,Agent通用评测,4381977727999450,4381977727999450,2025-11-05 20:40:40,2025-11-05 20:40:40,,zh-CN,,,,,,,,,
7569220327994064908,7569220327125811211,1,Category,LLM,4381977727999450,4381977727999450,2025-11-05 20:40:40,2025-11-05 20:40:40,,zh-CN,,,,,,,,,
7569220327994081292,7569220327125811211,1,Name,ComputerUseAgent任务成功,4381977727999450,4381977727999450,2025-11-05 20:40:40,2025-11-05 20:40:40,,zh-CN,,,,,,,,,
7569220327994097676,7569220327125811211,1,Objective,任务完成,4381977727999450,4381977727999450,2025-11-05 20:40:40,2025-11-05 20:40:40,,zh-CN,,,,,,,,,
7569220333064945675,7569220332083478539,1,Name,ComputerUseAgent工具选择质量,4381977727999450,4381977727999450,2025-11-05 20:40:42,2025-11-05 20:40:42,,zh-CN,,,,,,,,,
7569220333064962059,7569220332083478539,1,Objective,工具调用,4381977727999450,4381977727999450,2025-11-05 20:40:42,2025-11-05 20:40:42,,zh-CN,,,,,,,,,
7569220333064978443,7569220332083478539,1,TargetType,Agent,4381977727999450,4381977727999450,2025-11-05 20:40:42,2025-11-05 20:40:42,,zh-CN,,,,,,,,,
7569220333064994827,7569220332083478539,1,BusinessScenario,Agent通用评测,4381977727999450,4381977727999450,2025-11-05 20:40:42,2025-11-05 20:40:42,,zh-CN,,,,,,,,,
7569220333065011211,7569220332083478539,1,Category,LLM,4381977727999450,4381977727999450,2025-11-05 20:40:42,2025-11-05 20:40:42,,zh-CN,,,,,,,,,
7569220338538512396,7569220337594793995,1,TargetType,Agent,4381977727999450,4381977727999450,2025-11-05 20:40:43,2025-11-05 20:40:43,,zh-CN,,,,,,,,,
7569220338538528780,7569220337594793995,1,BusinessScenario,Agent通用评测,4381977727999450,4381977727999450,2025-11-05 20:40:43,2025-11-05 20:40:43,,zh-CN,,,,,,,,,
7569220338538545164,7569220337594793995,1,Category,LLM,4381977727999450,4381977727999450,2025-11-05 20:40:43,2025-11-05 20:40:43,,zh-CN,,,,,,,,,
7569220338538561548,7569220337594793995,1,Name,ComputerUseAgent工具参数,4381977727999450,4381977727999450,2025-11-05 20:40:43,2025-11-05 20:40:43,,zh-CN,,,,,,,,,
7569220338538577932,7569220337594793995,1,Objective,工具调用,4381977727999450,4381977727999450,2025-11-05 20:40:43,2025-11-05 20:40:43,,zh-CN,,,,,,,,,
7569220344020467723,7569220342741205004,1,TargetType,Agent,4381977727999450,4381977727999450,2025-11-05 20:40:44,2025-11-05 20:40:44,,zh-CN,,,,,,,,,
7569220344020484107,7569220342741205004,1,BusinessScenario,Agent通用评测,4381977727999450,4381977727999450,2025-11-05 20:40:44,2025-11-05 20:40:44,,zh-CN,,,,,,,,,
7569220344020500491,7569220342741205004,1,Category,LLM,4381977727999450,4381977727999450,2025-11-05 20:40:44,2025-11-05 20:40:44,,zh-CN,,,,,,,,,
7569220344020516875,7569220342741205004,1,Name,ComputerUseAgent轨迹质量,4381977727999450,4381977727999450,2025-11-05 20:40:44,2025-11-05 20:40:44,,zh-CN,,,,,,,,,
7569220344020533259,7569220342741205004,1,Objective,轨迹质量,4381977727999450,4381977727999450,2025-11-05 20:40:44,2025-11-05 20:40:44,,zh-CN,,,,,,,,,
7569238139554758667,7569238137969311755,1,TargetType,图片,4381977727999450,4381977727999450,2025-11-05 21:49:48,2025-11-05 21:49:48,,zh-CN,,,,,,,,,
7569238139554775051,7569238137969311755,1,Objective,内容质量,4381977727999450,4381977727999450,2025-11-05 21:49:48,2025-11-05 21:49:48,,zh-CN,,,,,,,,,
7569238139554791435,7569238137969311755,1,BusinessScenario,AIGC,4381977727999450,4381977727999450,2025-11-05 21:49:48,2025-11-05 21:49:48,,zh-CN,,,,,,,,,
7569238139554807819,7569238137969311755,1,Name,清晰度,4381977727999450,4381977727999450,2025-11-05 21:49:48,2025-11-05 21:49:48,,zh-CN,,,,,,,,,
7569238139554824203,7569238137969311755,1,Category,LLM,4381977727999450,4381977727999450,2025-11-05 21:49:48,2025-11-05 21:49:48,,zh-CN,,,,,,,,,
7569240812639223819,7569240811599036428,1,Category,LLM,4381977727999450,4381977727999450,2025-11-05 22:00:10,2025-11-05 22:00:10,,zh-CN,,,,,,,,,
7569240812639240203,7569240811599036428,1,TargetType,混合模态（多模态）,4381977727999450,4381977727999450,2025-11-05 22:00:10,2025-11-05 22:00:10,,zh-CN,,,,,,,,,
7569240812639256587,7569240811599036428,1,Objective,内容质量,4381977727999450,4381977727999450,2025-11-05 22:00:10,2025-11-05 22:00:10,,zh-CN,,,,,,,,,
7569240812639272971,7569240811599036428,1,BusinessScenario,AIGC,4381977727999450,4381977727999450,2025-11-05 22:00:10,2025-11-05 22:00:10,,zh-CN,,,,,,,,,
7569240812639289355,7569240811599036428,1,Name,图文匹配度,4381977727999450,4381977727999450,2025-11-05 22:00:10,2025-11-05 22:00:10,,zh-CN,,,,,,,,,
7569240821866692620,7569240820490960907,1,Category,LLM,4381977727999450,4381977727999450,2025-11-05 22:00:12,2025-11-05 22:00:12,,zh-CN,,,,,,,,,
7569240821866709004,7569240820490960907,1,TargetType,图片,4381977727999450,4381977727999450,2025-11-05 22:00:12,2025-11-05 22:00:12,,zh-CN,,,,,,,,,
7569240821866725388,7569240820490960907,1,Objective,内容质量,4381977727999450,4381977727999450,2025-11-05 22:00:12,2025-11-05 22:00:12,,zh-CN,,,,,,,,,
7569240821866741772,7569240820490960907,1,BusinessScenario,AIGC,4381977727999450,4381977727999450,2025-11-05 22:00:12,2025-11-05 22:00:12,,zh-CN,,,,,,,,,
7569240821866758156,7569240820490960907,1,Name,美学质量,4381977727999450,4381977727999450,2025-11-05 22:00:12,2025-11-05 22:00:12,,zh-CN,,,,,,,,,
7571672488812216321,7571672487587479573,1,Category,LLM,4381977727999450,4381977727999450,2025-11-12 11:16:19,2025-11-12 11:16:19,,zh-CN,,,,,,,,,
7571672488812232705,7571672487587479573,1,TargetType,图片,4381977727999450,4381977727999450,2025-11-12 11:16:19,2025-11-12 11:16:19,,zh-CN,,,,,,,,,
7571672488812249089,7571672487587479573,1,Objective,内容质量,4381977727999450,4381977727999450,2025-11-12 11:16:19,2025-11-12 11:16:19,,zh-CN,,,,,,,,,
7571672488812265473,7571672487587479573,1,BusinessScenario,AIGC,4381977727999450,4381977727999450,2025-11-12 11:16:19,2025-11-12 11:16:19,,zh-CN,,,,,,,,,
7571672488812281857,7571672487587479573,1,Name,脸部结构准确度,4381977727999450,4381977727999450,2025-11-12 11:16:19,2025-11-12 11:16:19,,zh-CN,,,,,,,,,
7571672496563290123,7571672495355346966,1,TargetType,图片,4381977727999450,4381977727999450,2025-11-12 11:16:20,2025-11-12 11:16:20,,zh-CN,,,,,,,,,
7571672496563306507,7571672495355346966,1,Objective,内容质量,4381977727999450,4381977727999450,2025-11-12 11:16:20,2025-11-12 11:16:20,,zh-CN,,,,,,,,,
7571672496563322891,7571672495355346966,1,BusinessScenario,AIGC,4381977727999450,4381977727999450,2025-11-12 11:16:20,2025-11-12 11:16:20,,zh-CN,,,,,,,,,
7571672496563339275,7571672495355346966,1,Name,手部结构准确度,4381977727999450,4381977727999450,2025-11-12 11:16:20,2025-11-12 11:16:20,,zh-CN,,,,,,,,,
7571672496563355659,7571672495355346966,1,Category,LLM,4381977727999450,4381977727999450,2025-11-12 11:16:20,2025-11-12 11:16:20,,zh-CN,,,,,,,,,
7571672503756521484,7571672502577922050,1,TargetType,图片,4381977727999450,4381977727999450,2025-11-12 11:16:22,2025-11-12 11:16:22,,zh-CN,,,,,,,,,
7571672503756537868,7571672502577922050,1,Objective,内容质量,4381977727999450,4381977727999450,2025-11-12 11:16:22,2025-11-12 11:16:22,,zh-CN,,,,,,,,,
7571672503756554252,7571672502577922050,1,BusinessScenario,AIGC,4381977727999450,4381977727999450,2025-11-12 11:16:22,2025-11-12 11:16:22,,zh-CN,,,,,,,,,
7571672503756570636,7571672502577922050,1,Name,文字畸变检测,4381977727999450,4381977727999450,2025-11-12 11:16:22,2025-11-12 11:16:22,,zh-CN,,,,,,,,,
7571672503756587020,7571672502577922050,1,Category,LLM,4381977727999450,4381977727999450,2025-11-12 11:16:22,2025-11-12 11:16:22,,zh-CN,,,,,,,,,
7574331324308127766,7574331322970144769,1,TargetType,图片,4381977727999450,4381977727999450,2025-11-19 15:13:57,2025-11-19 15:13:57,,zh-CN,,,,,,,,,
7574331324308144150,7574331322970144769,1,TargetType,混合模态（多模态）,4381977727999450,4381977727999450,2025-11-19 15:13:57,2025-11-19 15:13:57,,zh-CN,,,,,,,,,
7574331324308160534,7574331322970144769,1,Objective,内容质量,4381977727999450,4381977727999450,2025-11-19 15:13:57,2025-11-19 15:13:57,,zh-CN,,,,,,,,,
7574331324308176918,7574331322970144769,1,BusinessScenario,AIGC,4381977727999450,4381977727999450,2025-11-19 15:13:57,2025-11-19 15:13:57,,zh-CN,,,,,,,,,
7574331324308193302,7574331322970144769,1,Name,图生图-一致性,4381977727999450,4381977727999450,2025-11-19 15:13:57,2025-11-19 15:13:57,,zh-CN,,,,,,,,,
7574331324308209686,7574331322970144769,1,Category,LLM,4381977727999450,4381977727999450,2025-11-19 15:13:57,2025-11-19 15:13:57,,zh-CN,,,,,,,,,
7590060397355212802,7590060314503372802,1,TargetType,轨迹,4381977727999450,4381977727999450,2025-12-25 18:08:49,2025-12-25 18:08:49,,zh-CN,,,,,,,,,
7590060397355213058,7590060314503372802,1,Objective,工具调用,4381977727999450,4381977727999450,2025-12-25 18:08:49,2025-12-25 18:08:49,,zh-CN,,,,,,,,,
7590060397355213314,7590060314503372802,1,Objective,轨迹质量,4381977727999450,4381977727999450,2025-12-25 18:08:49,2025-12-25 18:08:49,,zh-CN,,,,,,,,,
7590060397355213570,7590060314503372802,1,BusinessScenario,轨迹评测,4381977727999450,4381977727999450,2025-12-25 18:08:49,2025-12-25 18:08:49,,zh-CN,,,,,,,,,
7590060397355213826,7590060314503372802,1,Name,轨迹-工具调用成功率,4381977727999450,4381977727999450,2025-12-25 18:08:49,2025-12-25 18:08:49,,zh-CN,,,,,,,,,
7590060397355214082,7590060314503372802,1,Category,Code,4381977727999450,4381977727999450,2025-12-25 18:08:49,2025-12-25 18:08:49,,zh-CN,,,,,,,,,
7590060397355214338,7590060314503373570,1,Name,轨迹-工具参数填充正确性,4381977727999450,4381977727999450,2025-12-25 18:08:53,2025-12-25 18:08:53,,zh-CN,,,,,,,,,
7590060397355214594,7590060314503373570,1,Category,LLM,4381977727999450,4381977727999450,2025-12-25 18:08:53,2025-12-25 18:08:53,,zh-CN,,,,,,,,,
7590060397355214850,7590060314503373570,1,TargetType,轨迹,4381977727999450,4381977727999450,2025-12-25 18:08:53,2025-12-25 18:08:53,,zh-CN,,,,,,,,,
7590060397355215106,7590060314503373570,1,Objective,工具调用,4381977727999450,4381977727999450,2025-12-25 18:08:53,2025-12-25 18:08:53,,zh-CN,,,,,,,,,
7590060397355215362,7590060314503373570,1,Objective,轨迹质量,4381977727999450,4381977727999450,2025-12-25 18:08:53,2025-12-25 18:08:53,,zh-CN,,,,,,,,,
7590060397355215618,7590060314503373570,1,BusinessScenario,轨迹评测,4381977727999450,4381977727999450,2025-12-25 18:08:53,2025-12-25 18:08:53,,zh-CN,,,,,,,,,
7590060397355215874,7590060314503374338,1,Category,Code,4381977727999450,4381977727999450,2025-12-25 18:08:55,2025-12-25 18:08:55,,zh-CN,,,,,,,,,
7590060397355216130,7590060314503374338,1,TargetType,轨迹,4381977727999450,4381977727999450,2025-12-25 18:08:55,2025-12-25 18:08:55,,zh-CN,,,,,,,,,
7590060397355216386,7590060314503374338,1,Objective,工具调用,4381977727999450,4381977727999450,2025-12-25 18:08:55,2025-12-25 18:08:55,,zh-CN,,,,,,,,,
7590060397355216642,7590060314503374338,1,Objective,轨迹质量,4381977727999450,4381977727999450,2025-12-25 18:08:55,2025-12-25 18:08:55,,zh-CN,,,,,,,,,
7590060397355216898,7590060314503374338,1,BusinessScenario,轨迹评测,4381977727999450,4381977727999450,2025-12-25 18:08:55,2025-12-25 18:08:55,,zh-CN,,,,,,,,,
7590060397355217154,7590060314503374338,1,Name,轨迹-工具重复调用率,4381977727999450,4381977727999450,2025-12-25 18:08:55,2025-12-25 18:08:55,,zh-CN,,,,,,,,,
7590060397355217410,7590060314503375106,1,BusinessScenario,轨迹评测,4381977727999450,4381977727999450,2025-12-25 18:08:57,2025-12-25 18:08:57,,zh-CN,,,,,,,,,
7590060397355217666,7590060314503375106,1,Name,轨迹-工具利用率,4381977727999450,4381977727999450,2025-12-25 18:08:57,2025-12-25 18:08:57,,zh-CN,,,,,,,,,
7590060397355217922,7590060314503375106,1,Category,Code,4381977727999450,4381977727999450,2025-12-25 18:08:57,2025-12-25 18:08:57,,zh-CN,,,,,,,,,
7590060397355218178,7590060314503375106,1,TargetType,轨迹,4381977727999450,4381977727999450,2025-12-25 18:08:57,2025-12-25 18:08:57,,zh-CN,,,,,,,,,
7590060397355218434,7590060314503375106,1,Objective,工具调用,4381977727999450,4381977727999450,2025-12-25 18:08:57,2025-12-25 18:08:57,,zh-CN,,,,,,,,,
7590060397355218690,7590060314503375106,1,Objective,轨迹质量,4381977727999450,4381977727999450,2025-12-25 18:08:57,2025-12-25 18:08:57,,zh-CN,,,,,,,,,
7590063052300492802,7576171421257170956,1,Category,LLM,4381977727999450,4381977727999450,2026-01-05 16:53:08,2026-01-05 16:53:08,,zh-CN,,,,,,,,,
7590063052300493058,7576171421257170956,1,TargetType,图片,4381977727999450,4381977727999450,2026-01-05 16:53:08,2026-01-05 16:53:08,,zh-CN,,,,,,,,,
7590063052300493314,7576171421257170956,1,Objective,内容质量,4381977727999450,4381977727999450,2026-01-05 16:53:08,2026-01-05 16:53:08,,zh-CN,,,,,,,,,
7590063052300493570,7576171421257170956,1,BusinessScenario,AIGC,4381977727999450,4381977727999450,2026-01-05 16:53:08,2026-01-05 16:53:08,,zh-CN,,,,,,,,,
7590063052300493826,7576171421257170956,1,Name,图片-真实感,4381977727999450,4381977727999450,2026-01-05 16:53:08,2026-01-05 16:53:08,,zh-CN,,,,,,,,,
7590063052300494082,7576171453775609858,1,Category,LLM,4381977727999450,4381977727999450,2026-01-05 16:54:50,2026-01-05 16:54:50,,zh-CN,,,,,,,,,
7590063052300494338,7576171453775609858,1,TargetType,图片,4381977727999450,4381977727999450,2026-01-05 16:54:50,2026-01-05 16:54:50,,zh-CN,,,,,,,,,
7590063052300494594,7576171453775609858,1,Objective,内容质量,4381977727999450,4381977727999450,2026-01-05 16:54:50,2026-01-05 16:54:50,,zh-CN,,,,,,,,,
7590063052300494850,7576171453775609858,1,BusinessScenario,AIGC,4381977727999450,4381977727999450,2026-01-05 16:54:50,2026-01-05 16:54:50,,zh-CN,,,,,,,,,
7590063052300495106,7576171453775609858,1,Name,图片-结构正确性,4381977727999450,4381977727999450,2026-01-05 16:54:50,2026-01-05 16:54:50,,zh-CN,,,,,,,,,
7590063052300495362,7576171428362321941,1,TargetType,文本,4381977727999450,4381977727999450,2026-01-05 16:54:52,2026-01-05 16:54:52,,zh-CN,,,,,,,,,
7590063052300495618,7576171428362321941,1,Objective,内容质量,4381977727999450,4381977727999450,2026-01-05 16:54:52,2026-01-05 16:54:52,,zh-CN,,,,,,,,,
7590063052300495874,7576171428362321941,1,BusinessScenario,AIGC,4381977727999450,4381977727999450,2026-01-05 16:54:52,2026-01-05 16:54:52,,zh-CN,,,,,,,,,
7590063052300496130,7576171428362321941,1,Name,文本-语种一致性,4381977727999450,4381977727999450,2026-01-05 16:54:52,2026-01-05 16:54:52,,zh-CN,,,,,,,,,
7590063052300496386,7576171428362321941,1,Category,LLM,4381977727999450,4381977727999450,2026-01-05 16:54:52,2026-01-05 16:54:52,,zh-CN,,,,,,,,,
7590063052300496642,7576171429352177665,1,BusinessScenario,AIGC,4381977727999450,4381977727999450,2026-01-05 16:54:55,2026-01-05 16:54:55,,zh-CN,,,,,,,,,
7590063052300496898,7576171429352177665,1,Name,文本-拒答检测,4381977727999450,4381977727999450,2026-01-05 16:54:55,2026-01-05 16:54:55,,zh-CN,,,,,,,,,
7590063052300497154,7576171429352177665,1,Category,LLM,4381977727999450,4381977727999450,2026-01-05 16:54:55,2026-01-05 16:54:55,,zh-CN,,,,,,,,,
7590063052300497410,7576171429352177665,1,TargetType,文本,4381977727999450,4381977727999450,2026-01-05 16:54:55,2026-01-05 16:54:55,,zh-CN,,,,,,,,,
7590063052300497666,7576171429352177665,1,Objective,内容质量,4381977727999450,4381977727999450,2026-01-05 16:54:55,2026-01-05 16:54:55,,zh-CN,,,,,,,,,
7590063052300497922,7576171426487468043,1,Category,LLM,4381977727999450,4381977727999450,2026-01-05 16:54:57,2026-01-05 16:54:57,,zh-CN,,,,,,,,,
7590063052300498178,7576171426487468043,1,TargetType,文本,4381977727999450,4381977727999450,2026-01-05 16:54:57,2026-01-05 16:54:57,,zh-CN,,,,,,,,,
7590063052300498434,7576171426487468043,1,Objective,内容质量,4381977727999450,4381977727999450,2026-01-05 16:54:57,2026-01-05 16:54:57,,zh-CN,,,,,,,,,
7590063052300498690,7576171426487468043,1,BusinessScenario,AIGC,4381977727999450,4381977727999450,2026-01-05 16:54:57,2026-01-05 16:54:57,,zh-CN,,,,,,,,,
7590063052300498946,7576171426487468043,1,Name,知识问答-精炼性,4381977727999450,4381977727999450,2026-01-05 16:54:57,2026-01-05 16:54:57,,zh-CN,,,,,,,,,
7590063052300499202,7576171427334717452,1,TargetType,文本,4381977727999450,4381977727999450,2026-01-05 16:55:00,2026-01-05 16:55:00,,zh-CN,,,,,,,,,
7590063052300499458,7576171427334717452,1,Objective,内容质量,4381977727999450,4381977727999450,2026-01-05 16:55:00,2026-01-05 16:55:00,,zh-CN,,,,,,,,,
7590063052300499714,7576171427334717452,1,BusinessScenario,AIGC,4381977727999450,4381977727999450,2026-01-05 16:55:00,2026-01-05 16:55:00,,zh-CN,,,,,,,,,
7590063052300499970,7576171427334717452,1,Name,知识问答-便捷性,4381977727999450,4381977727999450,2026-01-05 16:55:00,2026-01-05 16:55:00,,zh-CN,,,,,,,,,
7590063052300500226,7576171427334717452,1,Category,LLM,4381977727999450,4381977727999450,2026-01-05 16:55:00,2026-01-05 16:55:00,,zh-CN,,,,,,,,,
7590063052300500482,7576171431495467029,1,Category,LLM,4381977727999450,4381977727999450,2026-01-05 16:55:02,2026-01-05 16:55:02,,zh-CN,,,,,,,,,
7590063052300500738,7576171431495467029,1,TargetType,文本,4381977727999450,4381977727999450,2026-01-05 16:55:02,2026-01-05 16:55:02,,zh-CN,,,,,,,,,
7590063052300500994,7576171431495467029,1,Objective,内容质量,4381977727999450,4381977727999450,2026-01-05 16:55:02,2026-01-05 16:55:02,,zh-CN,,,,,,,,,
7590063052300501250,7576171431495467029,1,BusinessScenario,AIGC,4381977727999450,4381977727999450,2026-01-05 16:55:02,2026-01-05 16:55:02,,zh-CN,,,,,,,,,
7590063052300501506,7576171431495467029,1,Name,文本-AI味检查,4381977727999450,4381977727999450,2026-01-05 16:55:02,2026-01-05 16:55:02,,zh-CN,,,,,,,,,
7590063052300501762,7576171433349349377,1,Category,LLM,4381977727999450,4381977727999450,2026-01-05 16:55:04,2026-01-05 16:55:04,,zh-CN,,,,,,,,,
7590063052300502018,7576171433349349377,1,TargetType,文本,4381977727999450,4381977727999450,2026-01-05 16:55:04,2026-01-05 16:55:04,,zh-CN,,,,,,,,,
7590063052300502274,7576171433349349377,1,Objective,内容质量,4381977727999450,4381977727999450,2026-01-05 16:55:04,2026-01-05 16:55:04,,zh-CN,,,,,,,,,
7590063052300502530,7576171433349349377,1,BusinessScenario,AIGC,4381977727999450,4381977727999450,2026-01-05 16:55:04,2026-01-05 16:55:04,,zh-CN,,,,,,,,,
7590063052300502786,7576171433349349377,1,Name,文本-格式检查,4381977727999450,4381977727999450,2026-01-05 16:55:04,2026-01-05 16:55:04,,zh-CN,,,,,,,,,
7590063052300503042,7576171440286728214,1,BusinessScenario,AIGC,4381977727999450,4381977727999450,2026-01-05 16:55:05,2026-01-05 16:55:05,,zh-CN,,,,,,,,,
7590063052300503298,7576171440286728214,1,Name,文生文-安全风险漏放,4381977727999450,4381977727999450,2026-01-05 16:55:05,2026-01-05 16:55:05,,zh-CN,,,,,,,,,
7590063052300503554,7576171440286728214,1,Category,LLM,4381977727999450,4381977727999450,2026-01-05 16:55:05,2026-01-05 16:55:05,,zh-CN,,,,,,,,,
7590063052300503810,7576171440286728214,1,TargetType,文本,4381977727999450,4381977727999450,2026-01-05 16:55:05,2026-01-05 16:55:05,,zh-CN,,,,,,,,,
7590063052300504066,7576171440286728214,1,Objective,安全,4381977727999450,4381977727999450,2026-01-05 16:55:05,2026-01-05 16:55:05,,zh-CN,,,,,,,,,
7590063052300504322,7576171441310138370,1,Objective,安全,4381977727999450,4381977727999450,2026-01-05 16:55:06,2026-01-05 16:55:06,,zh-CN,,,,,,,,,
7590063052300504578,7576171441310138370,1,BusinessScenario,AIGC,4381977727999450,4381977727999450,2026-01-05 16:55:06,2026-01-05 16:55:06,,zh-CN,,,,,,,,,
7590063052300504834,7576171441310138370,1,Name,文生图-安全风险漏放,4381977727999450,4381977727999450,2026-01-05 16:55:06,2026-01-05 16:55:06,,zh-CN,,,,,,,,,
7590063052300505090,7576171441310138370,1,Category,LLM,4381977727999450,4381977727999450,2026-01-05 16:55:06,2026-01-05 16:55:06,,zh-CN,,,,,,,,,
7590063052300505346,7576171441310138370,1,TargetType,图片,4381977727999450,4381977727999450,2026-01-05 16:55:06,2026-01-05 16:55:06,,zh-CN,,,,,,,,,
7590063052300505602,7576171442107056129,1,BusinessScenario,AIGC,4381977727999450,4381977727999450,2026-01-05 16:55:08,2026-01-05 16:55:08,,zh-CN,,,,,,,,,
7590063052300505858,7576171442107056129,1,Name,文本创作-可用性评估,4381977727999450,4381977727999450,2026-01-05 16:55:08,2026-01-05 16:55:08,,zh-CN,,,,,,,,,
7590063052300506114,7576171442107056129,1,Category,LLM,4381977727999450,4381977727999450,2026-01-05 16:55:08,2026-01-05 16:55:08,,zh-CN,,,,,,,,,
7590063052300506370,7576171442107056129,1,TargetType,文本,4381977727999450,4381977727999450,2026-01-05 16:55:08,2026-01-05 16:55:08,,zh-CN,,,,,,,,,
7590063052300506626,7576171442107056129,1,Objective,内容质量,4381977727999450,4381977727999450,2026-01-05 16:55:08,2026-01-05 16:55:08,,zh-CN,,,,,,,,,
7590063052300506882,7576171443025608706,1,Objective,内容质量,4381977727999450,4381977727999450,2026-01-05 16:55:10,2026-01-05 16:55:10,,zh-CN,,,,,,,,,
7590063052300507138,7576171443025608706,1,BusinessScenario,AIGC,4381977727999450,4381977727999450,2026-01-05 16:55:10,2026-01-05 16:55:10,,zh-CN,,,,,,,,,
7590063052300507394,7576171443025608706,1,Name,文生图-指令遵循,4381977727999450,4381977727999450,2026-01-05 16:55:10,2026-01-05 16:55:10,,zh-CN,,,,,,,,,
7590063052300507650,7576171443025608706,1,Category,LLM,4381977727999450,4381977727999450,2026-01-05 16:55:10,2026-01-05 16:55:10,,zh-CN,,,,,,,,,
7590063052300507906,7576171443025608706,1,TargetType,图片,4381977727999450,4381977727999450,2026-01-05 16:55:10,2026-01-05 16:55:10,,zh-CN,,,,,,,,,
7590063052300508162,7576171443025608706,1,TargetType,混合模态（多模态）,4381977727999450,4381977727999450,2026-01-05 16:55:10,2026-01-05 16:55:10,,zh-CN,,,,,,,,,
7590063052300508418,7576171444162265109,1,Objective,内容质量,4381977727999450,4381977727999450,2026-01-05 16:55:11,2026-01-05 16:55:11,,zh-CN,,,,,,,,,
7590063052300508674,7576171444162265109,1,BusinessScenario,AIGC,4381977727999450,4381977727999450,2026-01-05 16:55:11,2026-01-05 16:55:11,,zh-CN,,,,,,,,,
7590063052300508930,7576171444162265109,1,Name,图生图-指令遵循,4381977727999450,4381977727999450,2026-01-05 16:55:11,2026-01-05 16:55:11,,zh-CN,,,,,,,,,
7590063052300509186,7576171444162265109,1,Category,LLM,4381977727999450,4381977727999450,2026-01-05 16:55:11,2026-01-05 16:55:11,,zh-CN,,,,,,,,,
7590063052300509442,7576171444162265109,1,TargetType,混合模态（多模态）,4381977727999450,4381977727999450,2026-01-05 16:55:11,2026-01-05 16:55:11,,zh-CN,,,,,,,,,
7590063052300509698,7576171444162265109,1,TargetType,图片,4381977727999450,4381977727999450,2026-01-05 16:55:11,2026-01-05 16:55:11,,zh-CN,,,,,,,,,
7590063052300509954,7576171445819015169,1,BusinessScenario,AIGC,4381977727999450,4381977727999450,2026-01-05 16:55:12,2026-01-05 16:55:12,,zh-CN,,,,,,,,,
7590063052300510210,7576171445819015169,1,Name,图片-文字正确性,4381977727999450,4381977727999450,2026-01-05 16:55:12,2026-01-05 16:55:12,,zh-CN,,,,,,,,,
7590063052300510466,7576171445819015169,1,Category,LLM,4381977727999450,4381977727999450,2026-01-05 16:55:12,2026-01-05 16:55:12,,zh-CN,,,,,,,,,
7590063052300510722,7576171445819015169,1,TargetType,图片,4381977727999450,4381977727999450,2026-01-05 16:55:12,2026-01-05 16:55:12,,zh-CN,,,,,,,,,
7590063052300510978,7576171445819015169,1,Objective,内容质量,4381977727999450,4381977727999450,2026-01-05 16:55:12,2026-01-05 16:55:12,,zh-CN,,,,,,,,,
7590063052300511234,7576171449572917259,1,Name,图片-水印检测,4381977727999450,4381977727999450,2026-01-05 16:55:14,2026-01-05 16:55:14,,zh-CN,,,,,,,,,
7590063052300511490,7576171449572917259,1,Category,LLM,4381977727999450,4381977727999450,2026-01-05 16:55:14,2026-01-05 16:55:14,,zh-CN,,,,,,,,,
7590063052300511746,7576171449572917259,1,TargetType,图片,4381977727999450,4381977727999450,2026-01-05 16:55:14,2026-01-05 16:55:14,,zh-CN,,,,,,,,,
7590063052300512002,7576171449572917259,1,Objective,内容质量,4381977727999450,4381977727999450,2026-01-05 16:55:14,2026-01-05 16:55:14,,zh-CN,,,,,,,,,
7590063052300512258,7576171449572917259,1,BusinessScenario,AIGC,4381977727999450,4381977727999450,2026-01-05 16:55:14,2026-01-05 16:55:14,,zh-CN,,,,,,,,,
7590063052300512514,7576171450445348886,1,TargetType,文本,4381977727999450,4381977727999450,2026-01-05 16:55:16,2026-01-05 16:55:16,,zh-CN,,,,,,,,,
7590063052300512770,7576171450445348886,1,Objective,内容质量,4381977727999450,4381977727999450,2026-01-05 16:55:16,2026-01-05 16:55:16,,zh-CN,,,,,,,,,
7590063052300513026,7576171450445348886,1,BusinessScenario,AIGC,4381977727999450,4381977727999450,2026-01-05 16:55:16,2026-01-05 16:55:16,,zh-CN,,,,,,,,,
7590063052300513282,7576171450445348886,1,Name,知识问答-真实准确,4381977727999450,4381977727999450,2026-01-05 16:55:16,2026-01-05 16:55:16,,zh-CN,,,,,,,,,
7590063052300513538,7576171450445348886,1,Category,LLM,4381977727999450,4381977727999450,2026-01-05 16:55:16,2026-01-05 16:55:16,,zh-CN,,,,,,,,,
7590063052300513794,7576171451577794582,1,Objective,内容质量,4381977727999450,4381977727999450,2026-01-05 16:55:17,2026-01-05 16:55:17,,zh-CN,,,,,,,,,
7590063052300514050,7576171451577794582,1,BusinessScenario,AIGC,4381977727999450,4381977727999450,2026-01-05 16:55:17,2026-01-05 16:55:17,,zh-CN,,,,,,,,,
7590063052300514306,7576171451577794582,1,Name,图片-空白检测,4381977727999450,4381977727999450,2026-01-05 16:55:17,2026-01-05 16:55:17,,zh-CN,,,,,,,,,
7590063052300514562,7576171451577794582,1,Category,LLM,4381977727999450,4381977727999450,2026-01-05 16:55:17,2026-01-05 16:55:17,,zh-CN,,,,,,,,,
7590063052300514818,7576171451577794582,1,TargetType,图片,4381977727999450,4381977727999450,2026-01-05 16:55:17,2026-01-05 16:55:17,,zh-CN,,,,,,,,,
7590063052300515074,7576171452647342091,1,TargetType,文本,4381977727999450,4381977727999450,2026-01-05 16:55:19,2026-01-05 16:55:19,,zh-CN,,,,,,,,,
7590063052300515330,7576171452647342091,1,Objective,内容质量,4381977727999450,4381977727999450,2026-01-05 16:55:19,2026-01-05 16:55:19,,zh-CN,,,,,,,,,
7590063052300515586,7576171452647342091,1,BusinessScenario,AIGC,4381977727999450,4381977727999450,2026-01-05 16:55:19,2026-01-05 16:55:19,,zh-CN,,,,,,,,,
7590063052300515842,7576171452647342091,1,Name,知识问答-指令遵循,4381977727999450,4381977727999450,2026-01-05 16:55:19,2026-01-05 16:55:19,,zh-CN,,,,,,,,,
7590063052300516098,7576171452647342091,1,Category,LLM,4381977727999450,4381977727999450,2026-01-05 16:55:19,2026-01-05 16:55:19,,zh-CN,,,,,,,,,
7590063052300516354,7576171454689984524,1,TargetType,图片,4381977727999450,4381977727999450,2026-01-05 16:55:20,2026-01-05 16:55:20,,zh-CN,,,,,,,,,
7590063052300516610,7576171454689984524,1,Objective,内容质量,4381977727999450,4381977727999450,2026-01-05 16:55:20,2026-01-05 16:55:20,,zh-CN,,,,,,,,,
7590063052300516866,7576171454689984524,1,BusinessScenario,AIGC,4381977727999450,4381977727999450,2026-01-05 16:55:20,2026-01-05 16:55:20,,zh-CN,,,,,,,,,
7590063052300517122,7576171454689984524,1,Name,图片-模糊检测,4381977727999450,4381977727999450,2026-01-05 16:55:20,2026-01-05 16:55:20,,zh-CN,,,,,,,,,
7590063052300517378,7576171454689984524,1,Category,LLM,4381977727999450,4381977727999450,2026-01-05 16:55:20,2026-01-05 16:55:20,,zh-CN,,,,,,,,,
7590063052300517634,7576171456132808706,1,Category,LLM,4381977727999450,4381977727999450,2026-01-05 16:55:22,2026-01-05 16:55:22,,zh-CN,,,,,,,,,
7590063052300517890,7576171456132808706,1,TargetType,图片,4381977727999450,4381977727999450,2026-01-05 16:55:22,2026-01-05 16:55:22,,zh-CN,,,,,,,,,
7590063052300518146,7576171456132808706,1,Objective,内容质量,4381977727999450,4381977727999450,2026-01-05 16:55:22,2026-01-05 16:55:22,,zh-CN,,,,,,,,,
7590063052300518402,7576171456132808706,1,BusinessScenario,AIGC,4381977727999450,4381977727999450,2026-01-05 16:55:22,2026-01-05 16:55:22,,zh-CN,,,,,,,,,
7590063052300518658,7576171456132808706,1,Name,图片-花屏检测,4381977727999450,4381977727999450,2026-01-05 16:55:22,2026-01-05 16:55:22,,zh-CN,,,,,,,,,
7590063052300518914,7576171457072332812,1,BusinessScenario,AIGC,4381977727999450,4381977727999450,2026-01-05 16:55:23,2026-01-05 16:55:23,,zh-CN,,,,,,,,,
7590063052300519170,7576171457072332812,1,Name,知识问答-丰富度,4381977727999450,4381977727999450,2026-01-05 16:55:23,2026-01-05 16:55:23,,zh-CN,,,,,,,,,
7590063052300519426,7576171457072332812,1,Category,LLM,4381977727999450,4381977727999450,2026-01-05 16:55:23,2026-01-05 16:55:23,,zh-CN,,,,,,,,,
7590063052300519682,7576171457072332812,1,TargetType,文本,4381977727999450,4381977727999450,2026-01-05 16:55:23,2026-01-05 16:55:23,,zh-CN,,,,,,,,,
7590063052300519938,7576171457072332812,1,Objective,内容质量,4381977727999450,4381977727999450,2026-01-05 16:55:23,2026-01-05 16:55:23,,zh-CN,,,,,,,,,
7590063052300520194,7576171458016051212,1,BusinessScenario,AIGC,4381977727999450,4381977727999450,2026-01-05 16:55:49,2026-01-05 16:55:49,,zh-CN,,,,,,,,,
7590063052300520450,7576171458016051212,1,Name,图片-主体截断检测,4381977727999450,4381977727999450,2026-01-05 16:55:49,2026-01-05 16:55:49,,zh-CN,,,,,,,,,
7590063052300520706,7576171458016051212,1,Category,LLM,4381977727999450,4381977727999450,2026-01-05 16:55:49,2026-01-05 16:55:49,,zh-CN,,,,,,,,,
7590063052300520962,7576171458016051212,1,TargetType,图片,4381977727999450,4381977727999450,2026-01-05 16:55:49,2026-01-05 16:55:49,,zh-CN,,,,,,,,,
7590063052300521218,7576171458016051212,1,Objective,内容质量,4381977727999450,4381977727999450,2026-01-05 16:55:49,2026-01-05 16:55:49,,zh-CN,,,,,,,,,